{
    "precision": 0.05660377358490566,
    "recall": 0.08108108108108109,
    "f1": 0.1294871794871795,
    "accuracy": 0.13402061855670103,
    "opposing_purity": 0.22727272727272727,
    "supportive_purity": 0.05660377358490566,
    "average_purity": 0.14193825042881647
},
{
    "precision": 0.7727272727272727,
    "recall": 0.918918918918919,
    "f1": 0.8622309625259478,
    "accuracy": 0.865979381443299,
    "opposing_purity": 0.9433962264150944,
    "supportive_purity": 0.7727272727272727,
    "average_purity": 0.8580617495711835
},
{
    "running_time": 21.07819104194641
}