{
    "precision": 0.625,
    "recall": 0.5555555555555556,
    "f1": 0.6880570409982174,
    "accuracy": 0.72,
    "opposing_purity": 0.7647058823529411,
    "supportive_purity": 0.625,
    "average_purity": 0.6948529411764706
},
{
    "precision": 0.23529411764705882,
    "recall": 0.4444444444444444,
    "f1": 0.27884615384615385,
    "accuracy": 0.28,
    "opposing_purity": 0.375,
    "supportive_purity": 0.23529411764705882,
    "average_purity": 0.30514705882352944
},
{
    "running_time": 6.957034111022949
}
