{
    "precision": 0.0,
    "recall": 0.0,
    "f1": 0.13043478260869565,
    "accuracy": 0.15,
    "opposing_purity": 0.35294117647058826,
    "supportive_purity": 0.0,
    "average_purity": 0.17647058823529413
},
{
    "precision": 0.6470588235294118,
    "recall": 1.0,
    "f1": 0.8351648351648351,
    "accuracy": 0.85,
    "opposing_purity": 1.0,
    "supportive_purity": 0.6470588235294118,
    "average_purity": 0.8235294117647058
},
{
    "running_time": 13.244030237197876
}