{
    "precision": 0.6666666666666666,
    "recall": 0.25,
    "f1": 0.5151515151515151,
    "accuracy": 0.5625,
    "opposing_purity": 0.5384615384615384,
    "supportive_purity": 0.6666666666666666,
    "average_purity": 0.6025641025641025
},
{
    "precision": 0.46153846153846156,
    "recall": 0.75,
    "f1": 0.37662337662337664,
    "accuracy": 0.4375,
    "opposing_purity": 0.3333333333333333,
    "supportive_purity": 0.46153846153846156,
    "average_purity": 0.39743589743589747
},
{
    "running_time": 4.519093990325928
}