{
    "precision": 0.8333333333333334,
    "recall": 0.45454545454545453,
    "f1": 0.4441176470588235,
    "accuracy": 0.48148148148148145,
    "opposing_purity": 0.2,
    "supportive_purity": 0.8333333333333334,
    "average_purity": 0.5166666666666667
},
{
    "precision": 0.8,
    "recall": 0.5454545454545454,
    "f1": 0.4419713831478538,
    "accuracy": 0.5185185185185185,
    "opposing_purity": 0.16666666666666666,
    "supportive_purity": 0.8,
    "average_purity": 0.48333333333333334
},
{
    "running_time": 11.06895112991333
}
