{
    "precision": 0.8333333333333334,
    "recall": 0.7692307692307693,
    "f1": 0.8626865671641791,
    "accuracy": 0.8913043478260869,
    "opposing_purity": 0.9117647058823529,
    "supportive_purity": 0.8333333333333334,
    "average_purity": 0.8725490196078431
},

{
    "precision": 0.08823529411764706,
    "recall": 0.23076923076923078,
    "f1": 0.10827423167848699,
    "accuracy": 0.10869565217391304,
    "opposing_purity": 0.16666666666666666,
    "supportive_purity": 0.08823529411764706,
    "average_purity": 0.12745098039215685
},
{
    "running_time": 11.236346960067749
}