{
    "precision": 0.21212121212121213,
    "recall": 0.5384615384615384,
    "f1": 0.27122153209109734,
    "accuracy": 0.2727272727272727,
    "opposing_purity": 0.45454545454545453,
    "supportive_purity": 0.21212121212121213,
    "average_purity": 0.3333333333333333
},
{
    "precision": 0.5454545454545454,
    "recall": 0.46153846153846156,
    "f1": 0.65625,
    "accuracy": 0.7272727272727273,
    "opposing_purity": 0.7878787878787878,
    "supportive_purity": 0.5454545454545454,
    "average_purity": 0.6666666666666666
},
{
    "running_time": 17.356701135635376
}