{
    "precision": 0.7727272727272727,
    "recall": 0.918918918918919,
    "f1": 0.8395061728395061,
    "accuracy": 0.865979381443299
}