{
    "precision": 0.8,
    "recall": 0.8888888888888888,
    "f1": 0.8421052631578947,
    "accuracy": 0.88
}