{
    "precision": 1.0,
    "recall": 0.9230769230769231,
    "f1": 0.96,
    "accuracy": 0.9772727272727273
}