{
    "precision": 0.875,
    "recall": 0.6363636363636364,
    "f1": 0.7368421052631579,
    "accuracy": 0.6296296296296297
}