{
    "precision": 0.8,
    "recall": 0.7272727272727273,
    "f1": 0.7619047619047619,
    "accuracy": 0.875
}