{
    "precision": 0.7142857142857143,
    "recall": 0.625,
    "f1": 0.6666666666666666,
    "accuracy": 0.6875
}