{
    "precision": 0.9090909090909091,
    "recall": 0.7692307692307693,
    "f1": 0.8333333333333334,
    "accuracy": 0.9130434782608695
}