{
    "precision": 0.6666666666666666,
    "recall": 0.2222222222222222,
    "f1": 0.5614035087719298,
    "accuracy": 0.68,
    "opposing_purity": 0.6818181818181818,
    "supportive_purity": 0.6666666666666666,
    "average_purity": 0.6742424242424242
},
{
    "precision": 0.5,
    "recall": 0.5555555555555556,
    "f1": 0.6179966044142615,
    "accuracy": 0.64,
    "opposing_purity": 0.7333333333333333,
    "supportive_purity": 0.5,
    "average_purity": 0.6166666666666667
},
{
    "average_f1": 0.5897000565930957,
    "average_accuracy": 0.66,
    "overall_average_purity": 0.6454545454545455,
    "f1_variance": 0.001601389237191053,
    "acc_variance": 0.0008000000000000014,
    "purity_variance": 0.0016574839302111986
}