{
    "precision": 0.6428571428571429,
    "recall": 0.8181818181818182,
    "f1": 0.7963636363636364,
    "accuracy": 0.825,
    "opposing_purity": 0.9230769230769231,
    "supportive_purity": 0.6428571428571429,
    "average_purity": 0.7829670329670331
},
{
    "precision": 0.8,
    "recall": 0.7272727272727273,
    "f1": 0.8385794995964487,
    "accuracy": 0.875,
    "opposing_purity": 0.9,
    "supportive_purity": 0.8,
    "average_purity": 0.8500000000000001
},
{
    "average_f1": 0.8174715679800426,
    "average_accuracy": 0.85,
    "overall_average_purity": 0.8164835164835166,
    "f1_variance": 0.0008910895542457586,
    "acc_variance": 0.0012500000000000022,
    "purity_variance": 0.0022467093346214217
}