{
    "precision": 0.868421052631579,
    "recall": 0.8918918918918919,
    "f1": 0.9021848739495799,
    "accuracy": 0.9072164948453608,
    "opposing_purity": 0.9322033898305084,
    "supportive_purity": 0.868421052631579,
    "average_purity": 0.9003122212310437
},
{
    "precision": 0.6862745098039216,
    "recall": 0.9459459459459459,
    "f1": 0.8128216123499142,
    "accuracy": 0.8144329896907216,
    "opposing_purity": 0.9565217391304348,
    "supportive_purity": 0.6862745098039216,
    "average_purity": 0.8213981244671782
},
{
    "average_f1": 0.8575032431497471,
    "average_accuracy": 0.8608247422680413,
    "overall_average_purity": 0.860855172849111,
    "f1_variance": 0.003992896261865141,
    "acc_variance": 0.004304389414390477,
    "purity_variance": 0.003113717334028365
}