{
    "precision": 0.6153846153846154,
    "recall": 0.6153846153846154,
    "f1": 0.7270471464019852,
    "accuracy": 0.7727272727272727,
    "opposing_purity": 0.8387096774193549,
    "supportive_purity": 0.6153846153846154,
    "average_purity": 0.7270471464019852
},
{
    "precision": 0.4375,
    "recall": 0.5384615384615384,
    "f1": 0.614260666277031,
    "accuracy": 0.6590909090909091,
    "opposing_purity": 0.7857142857142857,
    "supportive_purity": 0.4375,
    "average_purity": 0.6116071428571428
},

{
    "average_f1": 0.670653906339508,
    "average_accuracy": 0.7159090909090908,
    "overall_average_purity": 0.669327144629564,
    "f1_variance": 0.006360395049488342,
    "acc_variance": 0.006456611570247935,
    "purity_variance": 0.006663197209216614
}