{
    "precision": 1.0,
    "recall": 0.125,
    "f1": 0.45893719806763283,
    "accuracy": 0.5625,
    "opposing_purity": 0.5333333333333333,
    "supportive_purity": 1.0,
    "average_purity": 0.7666666666666666
},
{
    "precision": 0.5,
    "recall": 0.125,
    "f1": 0.4181818181818182,
    "accuracy": 0.5,
    "opposing_purity": 0.5,
    "supportive_purity": 0.5,
    "average_purity": 0.5
},
{
    "average_f1": 0.43855950812472555,
    "average_accuracy": 0.53125,
    "overall_average_purity": 0.6333333333333333,
    "f1_variance": 0.0008305004948185316,
    "acc_variance": 0.001953125,
    "purity_variance": 0.03555555555555554
}