{
    "precision": 0.7608695652173914,
    "recall": 0.9459459459459459,
    "f1": 0.8631281884293933,
    "accuracy": 0.865979381443299,
    "opposing_purity": 0.9607843137254902,
    "supportive_purity": 0.7608695652173914,
    "average_purity": 0.8608269394714407
},
{
    "precision": 0.68,
    "recall": 0.918918918918919,
    "f1": 0.8020195509721775,
    "accuracy": 0.8041237113402062,
    "opposing_purity": 0.9361702127659575,
    "supportive_purity": 0.68,
    "average_purity": 0.8080851063829788
},
{
    "average_f1": 0.8325738697007854,
    "average_accuracy": 0.8350515463917526,
    "overall_average_purity": 0.8344560229272098,
    "f1_variance": 0.0018671327859387215,
    "acc_variance": 0.0019130619619513233,
    "purity_variance": 0.0013908504787655883
}