{
    "precision": 0.6875,
    "recall": 1.0,
    "f1": 0.8602375960866526,
    "accuracy": 0.875,
    "opposing_purity": 1.0,
    "supportive_purity": 0.6875,
    "average_purity": 0.84375
},
{
    "precision": 0.6875,
    "recall": 1.0,
    "f1": 0.8602375960866526,
    "accuracy": 0.875,
    "opposing_purity": 1.0,
    "supportive_purity": 0.6875,
    "average_purity": 0.84375
},
{
    "average_f1": 0.8602375960866526,
    "average_accuracy": 0.875,
    "overall_average_purity": 0.84375,
    "f1_variance": 0.0,
    "acc_variance": 0.0,
    "purity_variance": 0.0
}