{
    "precision": 0.6153846153846154,
    "recall": 0.6153846153846154,
    "f1": 0.6153846153846154,
    "accuracy": 0.782608695652174
}