{
    "precision": 0.7142857142857143,
    "recall": 0.8108108108108109,
    "f1": 0.759493670886076,
    "accuracy": 0.8041237113402062
}