{
    "precision": 0.7,
    "recall": 0.7777777777777778,
    "f1": 0.7368421052631579,
    "accuracy": 0.8
}