{
    "precision": 0.7222222222222222,
    "recall": 1.0,
    "f1": 0.8387096774193549,
    "accuracy": 0.8863636363636364
}