{
    "precision": 0.47058823529411764,
    "recall": 0.7272727272727273,
    "f1": 0.5714285714285714,
    "accuracy": 0.7
}