{
    "precision": 0.8571428571428571,
    "recall": 0.5454545454545454,
    "f1": 0.6666666666666666,
    "accuracy": 0.5555555555555556
}