{
    "precision": 0.35294117647058826,
    "recall": 0.9230769230769231,
    "f1": 0.4997635933806146,
    "accuracy": 0.5,
    "opposing_purity": 0.9166666666666666,
    "supportive_purity": 0.35294117647058826,
    "average_purity": 0.6348039215686274
},
{
    "precision": 0.08333333333333333,
    "recall": 0.07692307692307693,
    "f1": 0.36835820895522386,
    "accuracy": 0.5,
    "opposing_purity": 0.6470588235294118,
    "supportive_purity": 0.08333333333333333,
    "average_purity": 0.3651960784313726
},
{
    "running_time": 12.48777174949646
}