{
    "precision": 0.27586206896551724,
    "recall": 0.6153846153846154,
    "f1": 0.4078674948240165,
    "accuracy": 0.4090909090909091,
    "opposing_purity": 0.6666666666666666,
    "supportive_purity": 0.27586206896551724,
    "average_purity": 0.47126436781609193
},
{
    "precision": 0.3333333333333333,
    "recall": 0.38461538461538464,
    "f1": 0.5285714285714286,
    "accuracy": 0.5909090909090909,
    "opposing_purity": 0.7241379310344828,
    "supportive_purity": 0.3333333333333333,
    "average_purity": 0.5287356321839081
},
{
    "running_time": 19.600103855133057
}
