{
    "precision": 0.22580645161290322,
    "recall": 0.3783783783783784,
    "f1": 0.2677299308878256,
    "accuracy": 0.26804123711340205,
    "opposing_purity": 0.34285714285714286,
    "supportive_purity": 0.22580645161290322,
    "average_purity": 0.28433179723502305
},
{
    "precision": 0.6571428571428571,
    "recall": 0.6216216216216216,
    "f1": 0.7128870673952641,
    "accuracy": 0.7319587628865979,
    "opposing_purity": 0.7741935483870968,
    "supportive_purity": 0.6571428571428571,
    "average_purity": 0.715668202764977
},
{
    "running_time": 25.42860698699951
}
