{
    "precision": 0.0,
    "recall": 0.0,
    "f1": 0.32432432432432434,
    "accuracy": 0.48,
    "opposing_purity": 0.5714285714285714,
    "supportive_purity": 0.0,
    "average_purity": 0.2857142857142857
},
{
    "precision": 0.42857142857142855,
    "recall": 1.0,
    "f1": 0.5,
    "accuracy": 0.52,
    "opposing_purity": 1.0,
    "supportive_purity": 0.42857142857142855,
    "average_purity": 0.7142857142857143
},
{
    "running_time": 8.790932893753052
}