{
    "precision": 0.3333333333333333,
    "recall": 0.45454545454545453,
    "f1": 0.5441595441595442,
    "accuracy": 0.6,
    "opposing_purity": 0.76,
    "supportive_purity": 0.3333333333333333,
    "average_purity": 0.5466666666666666
},
{
    "precision": 0.24,
    "recall": 0.5454545454545454,
    "f1": 0.3939393939393939,
    "accuracy": 0.4,
    "opposing_purity": 0.6666666666666666,
    "supportive_purity": 0.24,
    "average_purity": 0.4533333333333333
},
{
    "running_time": 12.798540592193604
}