{
    "precision": 0.2,
    "recall": 0.38461538461538464,
    "f1": 0.3723196881091618,
    "accuracy": 0.391304347826087,
    "opposing_purity": 0.6190476190476191,
    "supportive_purity": 0.2,
    "average_purity": 0.4095238095238095
},
{
    "precision": 0.38095238095238093,
    "recall": 0.6153846153846154,
    "f1": 0.5801217038539555,
    "accuracy": 0.6086956521739131,
    "opposing_purity": 0.8,
    "supportive_purity": 0.38095238095238093,
    "average_purity": 0.5904761904761905
},
{
    "running_time": 11.135401010513306
}
