{
    "precision": 0.5833333333333334,
    "recall": 0.875,
    "f1": 0.6,
    "accuracy": 0.625,
    "opposing_purity": 0.75,
    "supportive_purity": 0.5833333333333334,
    "average_purity": 0.6666666666666667
},
{
    "precision": 0.25,
    "recall": 0.125,
    "f1": 0.3333333333333333,
    "accuracy": 0.375,
    "opposing_purity": 0.4166666666666667,
    "supportive_purity": 0.25,
    "average_purity": 0.33333333333333337
},
{
    "running_time": 4.5023791790008545
}