{
    "precision": 0.375,
    "recall": 0.3333333333333333,
    "f1": 0.5098039215686274,
    "accuracy": 0.56,
    "opposing_purity": 0.6470588235294118,
    "supportive_purity": 0.375,
    "average_purity": 0.5110294117647058
},
{
    "precision": 0.35294117647058826,
    "recall": 0.6666666666666666,
    "f1": 0.4391025641025641,
    "accuracy": 0.44,
    "opposing_purity": 0.625,
    "supportive_purity": 0.35294117647058826,
    "average_purity": 0.48897058823529416
},
{
    "running_time": 7.825798273086548
}