{
    "precision": 0.375,
    "recall": 0.4864864864864865,
    "f1": 0.4869940636805181,
    "accuracy": 0.4948453608247423,
    "opposing_purity": 0.6122448979591837,
    "supportive_purity": 0.375,
    "average_purity": 0.49362244897959184
},
{
    "precision": 0.3877551020408163,
    "recall": 0.5135135135135135,
    "f1": 0.49870801033591733,
    "accuracy": 0.5051546391752577,
    "opposing_purity": 0.625,
    "supportive_purity": 0.3877551020408163,
    "average_purity": 0.5063775510204082
},
{
    "running_time": 21.146584033966064
}