{
    "precision": 0.7142857142857143,
    "recall": 0.22727272727272727,
    "f1": 0.2924137931034483,
    "accuracy": 0.2962962962962963,
    "opposing_purity": 0.15,
    "supportive_purity": 0.7142857142857143,
    "average_purity": 0.43214285714285716
},
{
    "precision": 0.85,
    "recall": 0.7727272727272727,
    "f1": 0.5714285714285714,
    "accuracy": 0.7037037037037037,
    "opposing_purity": 0.2857142857142857,
    "supportive_purity": 0.85,
    "average_purity": 0.5678571428571428
},
{
    "running_time": 11.736379146575928
}