{
    "precision": 0.15789473684210525,
    "recall": 0.2727272727272727,
    "f1": 0.2,
    "accuracy": 0.4
}