{
    "precision": 0.6923076923076923,
    "recall": 1.0,
    "f1": 0.8181818181818182,
    "accuracy": 0.84
}