{
    "precision": 0.5333333333333333,
    "recall": 0.6153846153846154,
    "f1": 0.5714285714285714,
    "accuracy": 0.7391304347826086
}