{
    "precision": 0.6,
    "recall": 0.9230769230769231,
    "f1": 0.7272727272727273,
    "accuracy": 0.7954545454545454
}