{
    "precision": 0.5882352941176471,
    "recall": 0.5405405405405406,
    "f1": 0.5633802816901409,
    "accuracy": 0.6804123711340206
}