{
    "precision": 0.8,
    "recall": 0.5454545454545454,
    "f1": 0.6486486486486487,
    "accuracy": 0.5185185185185185
}