{
    "precision": 0.6666666666666666,
    "recall": 0.15384615384615385,
    "f1": 0.5460526315789473,
    "accuracy": 0.7391304347826086,
    "opposing_purity": 0.7441860465116279,
    "supportive_purity": 0.6666666666666666,
    "average_purity": 0.7054263565891472
},
{
    "precision": 0.9090909090909091,
    "recall": 0.7692307692307693,
    "f1": 0.8872549019607843,
    "accuracy": 0.9130434782608695,
    "opposing_purity": 0.9142857142857143,
    "supportive_purity": 0.9090909090909091,
    "average_purity": 0.9116883116883117
},
{
    "average_f1": 0.7166537667698658,
    "average_accuracy": 0.826086956521739,
    "overall_average_purity": 0.8085573341387294,
    "f1_std": 0.24126643914324278,
    "acc_std": 0.12297509238026913,
    "purity_std": 0.14584922715141438,
    "f1_variance": 0.058209494656860074,
    "acc_variance": 0.015122873345935726,
    "purity_variance": 0.021271997060664866
}