{
    "precision": 0.8888888888888888,
    "recall": 0.6486486486486487,
    "f1": 0.8134615384615385,
    "accuracy": 0.8350515463917526,
    "opposing_purity": 0.8142857142857143,
    "supportive_purity": 0.8888888888888888,
    "average_purity": 0.8515873015873016
},
{
    "precision": 0.8285714285714286,
    "recall": 0.7837837837837838,
    "f1": 0.8454007285974499,
    "accuracy": 0.8556701030927835,
    "opposing_purity": 0.8709677419354839,
    "supportive_purity": 0.8285714285714286,
    "average_purity": 0.8497695852534562
},
{
    "average_f1": 0.8294311335294942,
    "average_accuracy": 0.845360824742268,
    "overall_average_purity": 0.8506784434203789,
    "f1_std": 0.02258441793070944,
    "acc_std": 0.014579521261578248,
    "purity_std": 0.0012853195459355687,
    "f1_variance": 0.00051005593326895,
    "acc_variance": 0.00021256244021681218,
    "purity_variance": 1.6520463351640164e-06
}